Employee_ID,Age,Experience_Years,Department,Education_Level,Training_Hours,Salary,Performance_Rating
1001,50,30,Marketing,Masters,19,147917,Low
1002,36,12,Marketing,Masters,92,90910,Medium
1003,29,9,IT,Masters,34,88816,Low
1004,42,22,IT,PhD,77,137746,High
1005,40,18,Finance,Bachelors,70,124318,Medium
1006,44,21,Marketing,PhD,38,120905,High
1007,32,8,HR,Bachelors,28,76766,Low
1008,32,10,IT,Bachelors,52,92836,Low
1009,45,22,Finance,Bachelors,75,131823,Medium
1010,57,34,Marketing,Bachelors,83,160564,High
1011,45,24,Marketing,Bachelors,70,128808,High
1012,24,0,HR,Bachelors,52,53872,Low
1013,43,20,Finance,Bachelors,34,128383,Low
1014,23,1,Marketing,Masters,29,55283,Low
1015,45,24,IT,Masters,57,141130,Medium
1016,51,27,HR,Bachelors,92,133940,High
1017,59,39,Finance,Bachelors,96,190745,High
1018,23,1,HR,Bachelors,33,48371,Low
1019,42,19,IT,Bachelors,20,130797,Medium
1020,54,31,Finance,Bachelors,64,159407,High
1021,33,11,HR,Bachelors,37,84911,Low
1022,43,20,Sales,Bachelors,78,122111,Medium
1023,46,25,IT,PhD,72,146703,Medium
1024,48,24,IT,Bachelors,68,146330,Medium
1025,49,28,IT,Bachelors,14,155836,Low
1026,37,14,Sales,Bachelors,60,97094,Medium
1027,36,16,Sales,Bachelors,30,110499,Medium
1028,24,0,Marketing,Bachelors,21,56674,Low
1029,58,34,HR,Masters,59,151571,High
1030,28,6,Marketing,Bachelors,13,71640,Low
1031,42,20,HR,Bachelors,51,107237,High
1032,30,10,Sales,PhD,93,86959,High
1033,39,15,Sales,Masters,47,100028,Low
1034,25,5,Marketing,Masters,34,69713,Low
1035,46,24,Finance,Bachelors,23,143624,Low
1036,35,13,Marketing,Masters,84,88541,Low
1037,30,6,HR,Bachelors,41,72726,Low
1038,47,26,Marketing,Bachelors,20,137312,Medium
1039,23,0,IT,Bachelors,70,58633,Low
1040,41,19,HR,Bachelors,27,103985,Medium
1041,49,27,HR,Bachelors,36,130932,Medium
1042,28,7,Finance,Bachelors,64,81193,Medium
1043,29,8,Sales,PhD,63,78955,Medium
1044,56,36,HR,PhD,91,162462,High
1045,35,15,Sales,Masters,96,108715,Medium
1046,38,15,Marketing,Bachelors,84,102641,Medium
1047,57,34,IT,Masters,30,181293,High
1048,25,1,Finance,Bachelors,53,56772,Low
1049,23,3,Sales,Masters,14,63846,Low
1050,27,5,HR,Bachelors,96,62575,Medium
1051,25,5,Sales,Masters,50,73429,Low
1052,50,28,HR,Bachelors,68,130581,High
1053,39,18,Sales,Masters,98,111084,High
1054,47,27,HR,PhD,63,128240,Medium
1055,55,34,Marketing,Bachelors,83,158514,High
1056,31,8,HR,Bachelors,31,76604,Low
1057,57,34,HR,PhD,92,155320,High
1058,35,11,IT,Bachelors,74,100761,Low
1059,52,32,HR,Masters,73,150043,High
1060,36,15,IT,Bachelors,80,116991,Medium
1061,29,7,Finance,Bachelors,13,80618,Low
1062,35,12,IT,Bachelors,74,99691,Medium
1063,44,21,Marketing,Bachelors,24,118892,Medium
1064,42,20,IT,Masters,85,129592,Medium
1065,37,16,Finance,Bachelors,31,111255,Medium
1066,39,18,Marketing,Bachelors,95,109823,High
1067,45,25,Sales,Bachelors,56,140284,High
1068,47,27,Sales,Bachelors,90,146708,High
1069,46,22,IT,Masters,55,135172,Medium
1070,50,27,IT,PhD,23,154972,High
1071,36,16,Finance,Bachelors,59,107228,Medium
1072,22,1,Finance,Masters,29,59897,Low
1073,46,24,HR,Masters,59,124954,High
1074,28,7,Finance,Bachelors,42,84259,Low
1075,30,7,HR,PhD,68,73130,Low
1076,45,24,Marketing,Bachelors,52,130019,Medium
1077,22,0,IT,Bachelors,88,64034,Low
1078,29,6,Marketing,Masters,21,75436,Low
1079,45,23,Finance,Bachelors,49,138380,High
1080,32,8,Marketing,Masters,29,76137,Low
1081,38,15,Marketing,Masters,47,96073,Medium
1082,29,7,Marketing,Bachelors,12,71565,Low
1083,56,32,Finance,Masters,37,168086,Medium
1084,56,32,Marketing,Bachelors,65,152290,High
1085,54,31,HR,Bachelors,99,140035,High
1086,26,6,Finance,Masters,22,81623,Low
1087,49,25,Marketing,PhD,86,126899,Medium
1088,28,4,Finance,Bachelors,75,69946,Low
1089,30,8,Sales,Bachelors,46,83347,Low
1090,29,8,HR,Masters,58,78241,Low
1091,33,10,Marketing,Masters,75,79062,Low
1092,55,32,Sales,Masters,45,163068,High
1093,54,34,Sales,Bachelors,63,162715,High
1094,44,24,Finance,Bachelors,35,139416,High
1095,45,22,Sales,Bachelors,84,126836,High
1096,58,38,HR,Masters,81,161799,High
1097,56,34,HR,Bachelors,49,153578,High
1098,43,20,IT,Bachelors,52,131850,Medium
1099,48,28,HR,PhD,31,134326,Medium
1100,56,33,Sales,Bachelors,29,165640,High
1101,22,1,HR,PhD,17,49802,Low
1102,56,32,Finance,Masters,38,165205,Medium
1103,58,35,IT,Masters,49,184015,High
1104,35,11,Sales,Bachelors,99,96429,Medium
1105,24,4,IT,Bachelors,39,71938,Low
1106,22,0,Sales,Masters,90,50535,Low
1107,26,3,Finance,Masters,93,64293,Low
1108,47,26,IT,Masters,64,153404,High
1109,35,15,Marketing,Bachelors,25,103010,Medium
1110,48,25,Sales,Masters,55,133367,Medium
1111,30,10,Marketing,Masters,71,84730,Low
1112,36,14,IT,Masters,16,106159,Low
1113,36,12,Marketing,Masters,89,89204,Medium
1114,47,25,Marketing,Masters,54,128064,Medium
1115,34,11,IT,Masters,68,94050,Medium
1116,53,32,Finance,Bachelors,65,162451,High
1117,53,33,Marketing,Bachelors,57,155780,High
1118,25,1,Marketing,Bachelors,36,57227,Low
1119,51,31,Finance,Bachelors,62,167707,High
1120,58,35,Marketing,Bachelors,96,159487,High
1121,44,24,Marketing,Bachelors,97,131361,High
1122,36,12,Marketing,Bachelors,82,86784,Medium
1123,50,27,HR,Bachelors,44,131540,High
1124,57,37,Finance,Masters,60,183875,High
1125,34,13,Marketing,PhD,93,88828,Low
1126,53,30,Finance,Bachelors,46,160787,Medium
1127,28,5,Sales,PhD,90,68103,Medium
1128,43,22,Sales,Bachelors,66,132532,Medium
1129,49,27,Marketing,Bachelors,17,141531,Medium
1130,23,0,Finance,Bachelors,88,61607,Low
1131,27,5,Finance,Bachelors,29,73844,Low
1132,49,29,Finance,Masters,62,155982,High
1133,49,28,HR,Masters,21,138290,High
1134,41,19,Sales,Bachelors,58,118358,Low
1135,51,28,Finance,Bachelors,26,155765,Medium
1136,32,12,Finance,Bachelors,73,102990,Medium
1137,49,29,HR,Bachelors,51,139382,Medium
1138,46,24,HR,Bachelors,38,125982,High
1139,54,32,Finance,Bachelors,28,166254,High
1140,22,1,IT,Masters,20,66848,Low
1141,48,24,Finance,PhD,59,135407,Medium
1142,34,12,Finance,Bachelors,80,102929,Low
1143,24,2,HR,PhD,67,55633,Low
1144,27,4,HR,Bachelors,43,57920,Medium
1145,29,9,Finance,Bachelors,29,93459,Low
1146,48,24,Finance,Bachelors,59,142609,Low
1147,30,7,Finance,Masters,97,78638,Medium
1148,58,37,HR,PhD,19,159618,High
1149,54,33,Finance,Masters,41,175937,Medium
1150,45,23,Finance,Bachelors,61,136209,Medium
1151,36,14,Marketing,Masters,24,91635,Low
1152,53,32,IT,Bachelors,93,171327,High
1153,53,31,Sales,Masters,12,154601,Medium
1154,45,21,IT,Bachelors,46,133396,Medium
1155,33,11,Marketing,Bachelors,49,86919,Low
1156,23,3,Sales,Bachelors,81,60440,Low
1157,24,2,Finance,Masters,49,59231,Low
1158,58,35,Marketing,Bachelors,65,164554,High
1159,38,14,Finance,Masters,32,109750,Low
1160,23,0,HR,Bachelors,20,53697,Low
1161,23,0,Marketing,Masters,73,53928,Low
1162,49,29,HR,Masters,17,139657,Medium
1163,44,20,Marketing,Masters,65,114019,Medium
1164,58,34,Marketing,Bachelors,69,155601,High
1165,53,29,HR,Bachelors,19,133464,High
1166,54,30,Sales,Bachelors,48,148929,High
1167,22,0,IT,Masters,37,60738,Low
1168,40,20,Finance,Bachelors,58,127771,Medium
1169,23,1,Marketing,Bachelors,45,59707,Low
1170,47,24,Finance,Bachelors,22,137494,Medium
1171,53,29,HR,Bachelors,45,137867,High
1172,27,5,Finance,Masters,35,70392,Low
1173,53,31,HR,Bachelors,95,147121,High
1174,25,2,Finance,Masters,13,60419,Low
1175,32,12,IT,Bachelors,91,108124,Medium
1176,38,17,IT,Bachelors,73,115971,Medium
1177,59,38,IT,Bachelors,47,201231,High
1178,45,23,IT,Bachelors,97,147505,Medium
1179,26,3,IT,Bachelors,96,66339,Low
1180,55,34,IT,Masters,31,185616,High
1181,27,5,HR,Bachelors,11,67345,Low
1182,43,23,Marketing,Masters,40,124305,High
1183,32,11,Finance,Bachelors,20,90756,Low
1184,37,15,IT,Bachelors,55,110806,Low
1185,54,32,HR,Masters,71,149947,High
1186,30,6,HR,Bachelors,78,68930,Low
1187,27,7,HR,Bachelors,73,71402,Medium
1188,37,13,Marketing,Bachelors,19,94146,Low
1189,50,27,Finance,Bachelors,49,150966,Medium
1190,24,0,Marketing,Masters,33,47782,Low
1191,41,17,Sales,Bachelors,53,107179,Medium
1192,57,36,HR,Masters,69,161750,High
1193,40,18,Sales,Masters,71,116989,Medium
1194,47,27,IT,Bachelors,96,156619,High
1195,24,0,IT,PhD,26,58346,Low
1196,40,20,Marketing,Bachelors,74,114868,Medium
1197,41,17,Finance,PhD,66,116192,Medium
1198,53,30,Sales,Bachelors,64,157422,High
1199,28,4,Finance,Masters,62,69822,Medium
1200,54,33,Marketing,Bachelors,65,159428,High
1201,39,17,IT,Bachelors,18,116761,Low
1202,22,0,Finance,Masters,31,60225,Low
1203,32,8,Finance,Masters,22,85312,Low
1204,49,29,IT,Bachelors,98,160986,Medium
1205,46,23,Sales,Bachelors,57,132452,High
1206,44,21,IT,Masters,27,137238,Low
1207,52,28,Finance,Masters,85,149145,High
1208,51,28,Sales,PhD,49,143525,Medium
1209,56,36,Sales,Masters,26,175335,Medium
1210,28,5,IT,PhD,24,82137,Low
1211,37,17,Finance,Masters,24,110907,Low
1212,47,23,Marketing,Bachelors,88,122478,Medium
1213,23,1,Finance,Bachelors,72,61190,Low
1214,22,0,HR,Masters,48,51533,Low
1215,33,11,Marketing,Masters,22,86810,Low
1216,26,6,Sales,Bachelors,90,77232,Low
1217,58,35,Marketing,Bachelors,41,167923,High
1218,53,32,Sales,PhD,18,158009,High
1219,30,8,Sales,Bachelors,49,84931,Low
1220,56,33,Marketing,Bachelors,29,160981,High
1221,40,18,Sales,Bachelors,99,117626,High
1222,37,14,Sales,Bachelors,94,101723,High
1223,24,0,HR,Bachelors,91,52928,Low
1224,41,19,Finance,Bachelors,86,119691,Medium
1225,45,24,Finance,Bachelors,89,141552,Medium
1226,54,33,HR,Masters,82,151396,High
1227,45,25,Marketing,Bachelors,72,136225,Medium
1228,32,9,IT,Masters,85,95756,Low
1229,29,7,IT,Masters,53,80233,Low
1230,57,37,IT,Bachelors,47,197215,Medium
1231,59,37,HR,Masters,92,159494,High
1232,41,18,HR,Bachelors,69,99904,Medium
1233,56,35,Sales,Masters,80,166395,High
1234,46,22,IT,Bachelors,57,133684,High
1235,56,35,Marketing,Masters,27,166986,High
1236,46,26,Marketing,Masters,25,139622,Low
1237,50,26,IT,Bachelors,64,159307,High
1238,39,19,IT,Bachelors,48,123820,Medium
1239,39,16,IT,Masters,77,122325,Medium
1240,23,0,HR,Masters,68,46725,Low
1241,56,36,HR,Bachelors,98,161462,High
1242,37,14,HR,Masters,71,92811,Medium
1243,57,36,Finance,Bachelors,22,182396,High
1244,54,31,Marketing,Masters,90,149053,Medium
1245,25,3,Marketing,Bachelors,15,56879,Low
1246,54,31,Sales,Masters,92,161111,High
1247,35,12,HR,Bachelors,86,83306,Medium
1248,42,20,Finance,Bachelors,69,131502,Low
1249,41,21,Finance,Bachelors,99,135582,High
1250,29,9,Marketing,Bachelors,23,86061,Medium
1251,28,5,HR,Bachelors,63,60421,Low
1252,24,2,Sales,Bachelors,13,62194,Low
1253,38,16,HR,Masters,48,102401,High
1254,54,33,IT,Bachelors,81,178410,High
1255,33,13,HR,Bachelors,34,93082,Medium
1256,43,19,IT,Bachelors,86,130497,High
1257,43,23,IT,Bachelors,41,144123,Medium
1258,51,31,Sales,Bachelors,68,153420,High
1259,59,38,Marketing,Bachelors,72,170355,High
1260,59,35,HR,Bachelors,47,152181,High
1261,29,8,IT,Bachelors,62,94369,Low
1262,48,24,HR,Bachelors,76,120096,Medium
1263,48,25,Marketing,Bachelors,37,132978,High
1264,55,31,Marketing,Bachelors,12,155171,Medium
1265,42,21,Finance,Bachelors,89,130964,High
1266,51,31,Marketing,PhD,31,151181,High
1267,54,30,Sales,Bachelors,47,154877,High
1268,49,25,IT,Masters,81,155552,Medium
1269,54,32,Finance,Bachelors,81,171827,High
1270,26,6,Sales,Masters,71,78552,Low
1271,40,17,HR,Masters,66,105846,Low
1272,25,4,IT,Bachelors,15,78547,Low
1273,56,33,Marketing,PhD,87,160802,High
1274,38,18,IT,Bachelors,41,124228,Low
1275,49,25,HR,Bachelors,19,126559,Low
1276,51,27,Finance,Masters,12,153663,Low
1277,50,30,Finance,Masters,68,158440,High
1278,27,3,Finance,Bachelors,85,68623,Medium
1279,56,32,Marketing,Bachelors,58,151330,High
1280,58,34,Sales,Bachelors,68,171238,High
1281,45,24,Sales,Bachelors,40,130188,High
1282,50,29,IT,Masters,78,169297,High
1283,52,30,Marketing,Bachelors,71,145796,Medium
1284,56,33,Finance,Bachelors,61,174954,High
1285,54,34,Finance,Bachelors,98,170112,High
1286,42,22,HR,Bachelors,50,113170,Medium
1287,53,33,HR,Bachelors,40,149506,High
1288,44,22,Finance,Masters,94,130404,High
1289,54,33,Finance,PhD,93,175053,High
1290,24,2,Marketing,Masters,31,62187,Low
1291,39,19,Sales,Bachelors,13,118266,Low
1292,46,23,HR,Masters,22,116670,Medium
1293,52,28,Sales,Masters,54,145601,High
1294,24,3,Marketing,Masters,51,57317,Low
1295,45,24,Finance,Bachelors,58,138158,High
1296,53,31,Sales,Bachelors,29,161804,Medium
1297,43,22,Finance,Bachelors,86,135312,High
1298,44,24,Finance,Bachelors,90,139248,High
1299,23,3,IT,Bachelors,63,75037,Low
1300,48,26,Sales,Bachelors,45,139997,Medium
1301,23,3,Sales,Bachelors,10,66020,Low
1302,47,24,Finance,Masters,24,145941,High
1303,38,16,Marketing,Bachelors,86,98233,Medium
1304,54,31,IT,Bachelors,26,175226,High
1305,30,6,Finance,PhD,33,78719,Medium
1306,50,27,HR,PhD,67,129567,High
1307,47,23,HR,Masters,81,117899,Medium
1308,56,32,IT,PhD,32,176972,Medium
1309,46,23,Marketing,Bachelors,55,127575,Medium
1310,45,23,Finance,PhD,81,132268,High
1311,34,14,Sales,Bachelors,17,102817,Low
1312,28,8,IT,Bachelors,68,85274,Medium
1313,57,33,Marketing,Bachelors,99,160681,High
1314,41,17,Sales,Bachelors,68,116411,Low
1315,22,0,HR,Bachelors,22,49321,Low
1316,29,8,HR,Masters,48,72496,Medium
1317,37,14,Sales,Masters,37,97694,Medium
1318,35,11,IT,Bachelors,98,101107,Medium
1319,33,13,HR,Bachelors,70,93643,High
1320,44,22,Finance,Masters,25,130309,Medium
1321,36,13,Sales,Masters,11,103076,Low
1322,49,27,Sales,Bachelors,91,139954,High
1323,55,32,HR,Masters,26,150837,High
1324,23,0,IT,Bachelors,39,60997,Low
1325,53,29,Finance,Bachelors,22,155248,Medium
1326,44,22,IT,PhD,91,137328,High
1327,43,21,Marketing,Bachelors,22,117658,Medium
1328,46,26,Marketing,Bachelors,52,129470,Medium
1329,43,23,HR,Masters,94,123915,High
1330,43,19,HR,Masters,30,103689,Low
1331,27,3,HR,Bachelors,64,63709,Low
1332,36,15,Marketing,Bachelors,90,98612,Medium
1333,58,38,IT,Bachelors,49,199296,High
1334,54,31,IT,Masters,92,175933,Medium
1335,29,7,HR,Bachelors,24,68936,Low
1336,26,2,Finance,Bachelors,82,63091,Medium
1337,25,3,IT,PhD,61,76370,Low
1338,27,5,Marketing,Bachelors,83,68931,Medium
1339,53,32,Sales,Bachelors,62,158687,High
1340,51,31,Sales,Bachelors,96,162091,High
1341,56,32,Sales,Masters,61,157100,High
1342,37,15,Finance,Bachelors,39,105043,Low
1343,34,10,HR,Bachelors,42,80560,Low
1344,51,28,Marketing,Masters,66,137787,Medium
1345,40,19,Finance,Bachelors,61,118540,High
1346,38,15,Marketing,Bachelors,18,98916,Medium
1347,40,16,Marketing,Bachelors,63,104244,Medium
1348,49,25,HR,Bachelors,10,127235,Medium
1349,47,27,Sales,Bachelors,53,139494,High
1350,58,36,HR,Bachelors,84,158089,High
1351,47,25,Finance,Bachelors,89,140335,Medium
1352,44,21,Finance,Bachelors,18,133991,Medium
1353,30,9,Finance,Masters,41,93259,Low
1354,33,11,HR,PhD,24,87733,Low
1355,22,2,Marketing,Masters,21,59756,Low
1356,22,0,Marketing,Masters,87,50035,Low
1357,55,32,IT,Bachelors,66,173208,High
1358,53,33,Finance,PhD,17,174657,Medium
1359,46,25,Marketing,Bachelors,81,127198,High
1360,22,2,IT,PhD,36,72049,Medium
1361,37,16,Marketing,PhD,71,106635,High
1362,26,6,Finance,Masters,21,75781,Low
1363,43,23,Sales,PhD,74,135609,High
1364,50,26,Finance,Bachelors,51,146097,Medium
1365,24,1,HR,Bachelors,71,50038,Low
1366,33,13,Marketing,Bachelors,20,92683,Low
1367,47,27,Marketing,Bachelors,52,137217,Medium
1368,37,15,HR,Bachelors,26,90494,Low
1369,58,35,HR,Masters,41,157116,High
1370,43,21,Sales,PhD,94,120762,High
1371,50,27,Marketing,Bachelors,94,135985,High
1372,35,13,Marketing,Masters,49,92175,Medium
1373,49,29,Sales,PhD,32,150992,Medium
1374,26,6,IT,PhD,65,86628,Low
1375,51,27,Sales,PhD,15,144570,High
1376,26,4,Finance,Bachelors,95,73233,Low
1377,33,12,Marketing,PhD,59,92287,High
1378,37,13,HR,Masters,46,93643,Medium
1379,47,25,Finance,Bachelors,73,149434,High
1380,47,25,Marketing,Bachelors,63,130890,High
1381,42,18,Sales,Masters,81,116690,Medium
1382,57,37,Finance,Bachelors,58,187299,Medium
1383,54,32,Marketing,Masters,20,156037,Medium
1384,51,31,IT,Masters,97,174802,High
1385,58,34,IT,Bachelors,58,183862,High
1386,44,24,HR,Bachelors,30,121534,Medium
1387,31,8,Marketing,Masters,75,78727,Low
1388,26,5,IT,Bachelors,72,82668,Medium
1389,57,35,Sales,Bachelors,92,166443,High
1390,55,34,Marketing,Bachelors,37,157460,High
1391,52,32,Sales,Bachelors,26,158331,Medium
1392,31,9,Sales,PhD,15,82716,Low
1393,40,20,IT,Bachelors,28,132355,Medium
1394,53,30,Marketing,Masters,65,149314,High
1395,22,0,Finance,Bachelors,37,58339,Low
1396,26,4,IT,Bachelors,75,68551,Low
1397,25,2,IT,Masters,47,67922,Low
1398,37,14,Marketing,Masters,46,92600,Medium
1399,45,23,Marketing,Bachelors,77,122470,High
1400,37,17,Sales,Bachelors,95,107102,High
1401,23,0,Marketing,Bachelors,99,56921,Low
1402,49,28,Sales,Bachelors,58,148998,High
1403,53,30,IT,Masters,52,170005,High
1404,48,28,HR,Bachelors,45,135683,High
1405,41,21,Finance,Bachelors,67,129419,Low
1406,45,24,IT,Bachelors,22,151051,Medium
1407,33,10,Marketing,PhD,61,81781,Low
1408,56,36,Finance,PhD,67,187052,High
1409,54,32,HR,Bachelors,41,145086,Medium
1410,54,30,HR,Masters,90,137261,Medium
1411,58,34,Sales,Bachelors,69,166298,High
1412,33,9,Finance,Bachelors,92,86067,Medium
1413,24,1,Sales,Masters,67,63754,Low
1414,22,1,IT,PhD,65,64848,Low
1415,54,34,Finance,PhD,37,173144,Medium
1416,31,9,IT,Bachelors,10,92109,Low
1417,50,28,Sales,Bachelors,51,142588,High
1418,34,11,Finance,Masters,91,95466,Medium
1419,33,9,Sales,Bachelors,57,80712,Low
1420,52,29,Finance,Bachelors,49,153158,High
1421,23,2,Sales,Bachelors,72,62378,Low
1422,56,35,HR,Masters,85,150490,High
1423,44,24,Sales,Bachelors,81,132801,High
1424,38,18,HR,Bachelors,97,104974,Medium
1425,47,26,Sales,PhD,89,139187,Medium
1426,29,8,Finance,Bachelors,13,83140,Low
1427,50,29,Finance,Bachelors,47,154031,Medium
1428,47,24,Finance,Bachelors,36,140316,Low
1429,31,10,Marketing,Bachelors,18,80726,Low
1430,47,25,IT,Bachelors,25,149889,Low
1431,55,31,Finance,Bachelors,65,162135,High
1432,28,7,HR,Masters,85,71585,Medium
1433,25,1,Finance,Bachelors,40,58832,Low
1434,32,9,Marketing,PhD,97,80356,Medium
1435,50,26,HR,Bachelors,23,123681,Medium
1436,57,34,Marketing,Bachelors,34,159866,High
1437,46,24,HR,Bachelors,43,118073,Low
1438,42,19,Sales,Bachelors,76,114825,Medium
1439,57,34,IT,Masters,33,179631,Medium
1440,31,11,IT,Bachelors,82,105074,Medium
1441,58,37,Marketing,Bachelors,35,168357,High
1442,30,9,IT,Masters,29,88987,Low
1443,45,23,Marketing,PhD,73,128064,Medium
1444,56,34,Marketing,Masters,19,157059,Medium
1445,56,35,Marketing,Bachelors,92,165119,High
1446,57,37,IT,Masters,76,189790,High
1447,39,18,Marketing,Bachelors,33,111060,Low
1448,53,33,IT,Bachelors,14,174752,High
1449,45,23,Marketing,Bachelors,76,128329,High
1450,44,20,Finance,Bachelors,67,128891,High
1451,53,31,Marketing,Bachelors,36,146984,Medium
1452,58,36,HR,Bachelors,89,162713,High
1453,33,10,Marketing,Masters,24,87662,Medium
1454,34,11,Sales,Bachelors,44,88199,Low
1455,44,21,Marketing,Bachelors,85,115810,High
1456,46,23,HR,Bachelors,62,121164,Medium
1457,56,36,HR,PhD,53,155597,High
1458,51,30,IT,Bachelors,35,163081,Medium
1459,38,14,Finance,Bachelors,56,107018,Low
1460,41,19,Marketing,Masters,43,116854,Medium
1461,46,26,IT,Masters,96,149612,High
1462,43,19,Finance,Bachelors,59,120613,Low
1463,34,14,Marketing,Masters,93,97253,Medium
1464,40,20,Sales,Masters,21,124357,Low
1465,57,35,Marketing,Masters,96,158946,High
1466,33,12,HR,Bachelors,13,82248,Low
1467,40,17,HR,Masters,96,101650,Medium
1468,33,12,Sales,Bachelors,57,95786,Medium
1469,30,8,IT,Bachelors,64,94147,Low
1470,28,6,Finance,Bachelors,10,80541,Low
1471,49,27,Marketing,Bachelors,98,139111,High
1472,35,11,HR,Bachelors,75,79058,Low
1473,52,31,IT,Masters,39,168057,Medium
1474,40,19,Sales,Bachelors,12,118926,Medium
1475,37,17,HR,Bachelors,30,100248,Low
1476,26,6,Sales,Bachelors,98,72023,Medium
1477,56,36,Marketing,Bachelors,93,165483,High
1478,33,11,Finance,PhD,58,93785,Low
1479,46,25,HR,Bachelors,95,129953,High
1480,42,20,HR,Bachelors,94,105220,Medium
1481,57,33,Marketing,Bachelors,71,156258,High
1482,44,24,IT,Bachelors,47,149030,Low
1483,37,15,Finance,Bachelors,24,108816,Medium
1484,35,13,HR,Masters,61,91349,Medium
1485,52,28,Finance,PhD,88,154810,High
1486,26,3,HR,Bachelors,55,63856,Low
1487,56,35,Finance,Masters,34,180790,Medium
1488,44,21,Sales,Masters,30,123833,Low
1489,50,30,HR,Masters,97,136871,High
1490,32,10,Finance,Bachelors,14,95352,Low
1491,39,15,IT,Bachelors,79,109754,Low
1492,33,9,Sales,Bachelors,56,85273,Low
1493,30,9,Sales,Masters,96,88589,Medium
1494,31,8,IT,Masters,77,92683,Medium
1495,38,17,Finance,Bachelors,27,119384,High
1496,59,37,Marketing,Bachelors,30,165971,High
1497,28,7,IT,PhD,95,86103,Medium
1498,34,10,Finance,Masters,32,94572,Low
1499,30,6,IT,PhD,73,84019,Medium
1500,48,28,IT,Masters,76,162229,High
1501,23,3,HR,Bachelors,49,55514,Low
1502,26,4,Finance,Bachelors,19,68537,Low
1503,50,27,Marketing,Masters,98,133351,High
1504,58,37,HR,Bachelors,61,157033,High
1505,59,37,IT,Bachelors,81,195478,High
1506,40,20,IT,Masters,84,136158,High
1507,29,8,IT,Bachelors,70,88861,Medium
1508,22,2,Finance,Masters,73,70116,Low
1509,43,22,Finance,Bachelors,14,132797,Medium
1510,38,15,HR,PhD,62,90478,Medium
1511,28,6,Marketing,Bachelors,64,66690,Low
1512,46,25,HR,Bachelors,46,121191,Medium
1513,25,1,Sales,Masters,65,59726,Low
1514,57,33,IT,Bachelors,68,184323,High
1515,27,6,IT,Masters,78,75925,Low
1516,52,31,IT,Masters,82,175600,High
1517,40,19,HR,Bachelors,68,109778,Medium
1518,48,24,HR,Bachelors,11,123008,Low
1519,31,7,IT,Bachelors,74,88784,Low
1520,47,26,HR,Bachelors,69,126332,High
1521,40,20,Finance,PhD,60,121655,Medium
1522,24,4,Finance,Masters,39,72705,Low
1523,34,11,HR,Masters,20,87873,Low
1524,49,27,IT,Masters,85,151946,High
1525,41,21,HR,Bachelors,48,111841,High
1526,49,25,HR,PhD,99,123676,High
1527,29,9,HR,Masters,86,74572,Low
1528,22,0,Sales,Masters,81,57106,Low
1529,24,1,Finance,Masters,72,60987,Low
1530,34,12,Marketing,Bachelors,73,93227,Medium
1531,49,29,Marketing,Masters,70,144074,High
1532,46,22,Sales,Bachelors,63,127283,Medium
1533,54,30,HR,Bachelors,82,135066,High
1534,59,38,Sales,Bachelors,67,183186,High
1535,27,3,Sales,PhD,94,64477,Medium
1536,53,31,IT,Masters,65,166968,High
1537,42,20,Finance,Masters,43,127339,High
1538,37,13,Marketing,Masters,40,96038,Medium
1539,42,18,HR,Bachelors,61,108379,High
1540,32,11,Marketing,PhD,98,86594,High
1541,58,34,Marketing,Bachelors,85,157855,High
1542,57,36,Finance,Bachelors,10,176580,High
1543,56,35,Marketing,Bachelors,64,165558,High
1544,40,16,Marketing,Masters,31,106327,Low
1545,41,18,Sales,Masters,49,109117,Low
1546,39,16,Finance,Bachelors,10,118418,Low
1547,35,14,IT,Bachelors,74,105085,Low
1548,36,12,HR,Masters,72,81790,Medium
1549,52,29,Marketing,Bachelors,63,148921,Medium
1550,22,0,HR,Masters,51,46174,Low
1551,24,0,IT,PhD,30,54213,Low
1552,37,13,HR,Bachelors,88,86244,Medium
1553,44,24,IT,Bachelors,90,145303,High
1554,32,8,Sales,Masters,31,76707,Low
1555,33,13,Marketing,Masters,47,94743,Medium
1556,31,10,IT,Bachelors,89,90957,Medium
1557,53,30,HR,PhD,17,142601,Medium
1558,37,14,Marketing,Bachelors,71,100777,Medium
1559,29,6,Sales,Bachelors,56,72374,Low
1560,59,36,Marketing,Masters,26,165467,High
1561,33,10,IT,Masters,26,98756,Low
1562,45,22,Sales,Bachelors,99,125492,High
1563,49,26,HR,Masters,22,123731,Medium
1564,29,8,Sales,Bachelors,26,77141,Low
1565,49,25,Sales,Bachelors,47,133765,Medium
1566,57,35,Finance,Bachelors,90,175872,High
1567,47,27,Sales,Masters,87,148947,Medium
1568,29,7,Sales,Bachelors,54,81967,Medium
1569,49,27,Marketing,Bachelors,15,137627,High
1570,49,25,HR,Bachelors,44,127099,High
1571,58,34,Marketing,Masters,23,155914,High
1572,57,33,Marketing,Masters,81,152137,High
1573,48,25,IT,Masters,70,145668,High
1574,38,17,Marketing,Bachelors,24,104358,Medium
1575,30,7,Finance,Masters,63,80774,Low
1576,54,33,Finance,Bachelors,36,170750,High
1577,41,20,IT,Masters,22,128715,Medium
1578,34,12,HR,PhD,40,84432,Low
1579,49,27,HR,Bachelors,44,128371,Medium
1580,50,29,Marketing,Masters,69,143127,High
1581,34,13,Marketing,Bachelors,15,89790,Low
1582,56,33,Marketing,Bachelors,78,157842,High
1583,27,4,HR,Bachelors,95,64088,Low
1584,39,17,Sales,Bachelors,67,111744,Medium
1585,26,2,Finance,Bachelors,58,62004,Low
1586,46,25,Sales,Masters,32,138304,Medium
1587,23,0,Sales,Bachelors,98,57954,Low
1588,31,9,HR,Masters,43,73167,Medium
1589,51,28,Sales,Bachelors,35,151032,Medium
1590,26,5,IT,Bachelors,56,78130,Low
1591,54,33,Marketing,Masters,14,155743,High
1592,22,2,IT,Bachelors,99,68172,Low
1593,39,15,Finance,Bachelors,29,107703,Medium
1594,53,33,Marketing,Masters,15,155182,Medium
1595,32,10,Sales,Bachelors,79,93441,Medium
1596,42,19,Finance,Bachelors,68,125048,High
1597,47,25,Marketing,Bachelors,73,127655,High
1598,46,25,Sales,PhD,27,142436,Medium
1599,43,23,IT,Masters,13,139464,Medium
1600,48,28,Marketing,Masters,26,145072,Medium
1601,34,14,Sales,Masters,23,96833,Low
1602,54,32,IT,Bachelors,87,177229,High
1603,55,34,Finance,Bachelors,22,173640,Medium
1604,56,33,Finance,Masters,16,166649,High
1605,22,0,Finance,Bachelors,53,59061,Low
1606,42,20,Finance,Bachelors,24,123258,High
1607,27,7,HR,Bachelors,28,69197,Low
1608,49,25,Marketing,Bachelors,72,132342,Medium
1609,38,16,Marketing,PhD,44,99185,High
1610,26,4,HR,Bachelors,90,64037,High
1611,52,31,Sales,Bachelors,44,162248,High
1612,26,3,Sales,Bachelors,28,64893,Low
1613,59,37,Finance,PhD,29,190188,High
1614,24,2,IT,Bachelors,44,67569,Low
1615,44,24,Sales,Bachelors,41,135543,Medium
1616,58,38,IT,Masters,57,199308,High
1617,58,34,Marketing,Masters,53,162507,High
1618,31,10,IT,Bachelors,33,90824,Low
1619,31,7,Marketing,Bachelors,70,74194,Low
1620,40,20,HR,Bachelors,26,114399,Low
1621,38,15,HR,Bachelors,80,91894,Medium
1622,42,22,Finance,Bachelors,59,136147,Medium
1623,35,14,Sales,Bachelors,74,101114,Low
1624,30,10,Finance,Bachelors,41,93520,Low
1625,22,1,Marketing,Bachelors,45,53742,Low
1626,34,13,Finance,Masters,22,100966,Low
1627,25,4,IT,PhD,79,74613,Medium
1628,22,1,Marketing,Masters,67,60727,Low
1629,53,32,HR,Bachelors,23,144968,Medium
1630,55,32,Sales,Bachelors,46,158087,High
1631,49,25,Marketing,PhD,88,126199,High
1632,52,30,Marketing,Bachelors,77,143151,High
1633,29,5,IT,Bachelors,49,81817,Low
1634,47,26,Sales,Bachelors,68,135715,High
1635,55,32,HR,Masters,89,144829,High
1636,24,4,Marketing,Masters,25,66549,Low
1637,33,10,Marketing,Bachelors,71,79395,Low
1638,22,1,IT,Bachelors,13,60396,Low
1639,26,3,Finance,PhD,54,64117,Low
1640,51,28,HR,Bachelors,99,129463,High
1641,51,30,Sales,Masters,37,158573,Medium
1642,38,15,Marketing,Masters,75,98980,Medium
1643,44,22,Marketing,Masters,40,119865,Medium
1644,36,14,HR,Bachelors,12,90624,Low
1645,58,35,Finance,Bachelors,17,178178,High
1646,42,22,Marketing,Bachelors,33,122237,Medium
1647,35,14,HR,Masters,24,93004,Low
1648,23,1,IT,PhD,52,68257,Low
1649,32,12,Finance,Bachelors,40,99593,Medium
1650,59,36,Sales,Bachelors,82,170733,High
1651,55,35,Marketing,PhD,54,163926,High
1652,59,35,HR,Masters,75,155818,High
1653,55,33,IT,Masters,17,173258,Medium
1654,39,16,Sales,Bachelors,80,104781,Medium
1655,51,30,HR,Bachelors,66,136412,High
1656,36,13,HR,Masters,89,93775,Medium
1657,48,27,Sales,Masters,39,145360,High
1658,55,32,IT,Bachelors,83,169645,High
1659,59,39,IT,Bachelors,27,201367,High
1660,54,34,Finance,Bachelors,78,175449,High
1661,45,25,Marketing,Bachelors,48,135242,High
1662,36,12,Sales,Bachelors,69,98237,Medium
1663,51,30,Sales,PhD,52,156680,High
1664,38,18,Sales,Bachelors,54,109390,Medium
1665,26,2,IT,Masters,32,62869,Low
1666,50,29,Marketing,Bachelors,78,140007,High
1667,25,2,Finance,Masters,15,62029,Low
1668,31,7,HR,PhD,65,71969,Medium
1669,38,16,HR,Bachelors,13,102265,Low
1670,31,7,Sales,Bachelors,32,77894,Low
1671,38,14,Marketing,Bachelors,15,95097,Low
1672,41,20,IT,Bachelors,41,132544,Low
1673,45,22,Marketing,Masters,27,119857,High
1674,26,4,Marketing,PhD,24,70136,Low
1675,55,35,IT,Bachelors,49,187696,High
1676,27,7,Sales,Bachelors,82,77722,Low
1677,23,0,Marketing,Bachelors,83,54544,Low
1678,34,13,HR,Masters,93,91943,High
1679,32,11,IT,Bachelors,15,97994,Low
1680,44,24,Finance,Bachelors,72,139704,Medium
1681,37,15,Sales,Masters,76,104276,Medium
1682,52,29,IT,Masters,20,164481,Medium
1683,32,10,Finance,Bachelors,52,92552,Low
1684,37,14,Finance,Masters,26,109287,Low
1685,29,9,Marketing,Bachelors,13,76632,Low
1686,25,2,Marketing,Bachelors,72,59437,Low
1687,25,4,Marketing,Masters,77,68820,Low
1688,46,22,IT,Masters,90,145099,High
1689,24,0,IT,Bachelors,50,65365,Low
1690,53,33,Sales,Bachelors,92,160497,High
1691,24,3,Marketing,Bachelors,14,63970,Low
1692,48,26,Finance,Bachelors,41,152048,Medium
1693,50,29,HR,Bachelors,95,140737,High
1694,53,29,Sales,Bachelors,79,149791,High
1695,40,16,IT,Bachelors,44,122496,Medium
1696,42,21,Sales,Masters,31,126791,Medium
1697,26,5,Sales,Masters,74,76226,Medium
1698,39,15,Sales,Masters,93,101189,High
1699,49,27,Sales,Bachelors,31,144755,Medium
1700,43,23,HR,PhD,20,117998,Medium
1701,42,22,Marketing,Masters,86,120513,High
1702,27,6,Finance,Masters,12,82928,Low
1703,22,2,Sales,Masters,18,61209,Low
1704,26,2,Sales,PhD,69,58367,Low
1705,33,9,Sales,Bachelors,85,84135,Medium
1706,47,26,Marketing,Bachelors,96,133806,Medium
1707,55,34,IT,Masters,23,179572,Medium
1708,35,14,IT,Masters,27,105654,Low
1709,47,25,HR,Masters,82,127951,High
1710,48,28,IT,Bachelors,32,162538,Medium
1711,30,9,Sales,Bachelors,83,82149,Medium
1712,47,24,Sales,Bachelors,92,132218,High
1713,43,20,Sales,PhD,56,122944,Medium
1714,51,27,HR,Bachelors,78,135130,High
1715,38,18,Sales,Bachelors,56,117084,Low
1716,47,26,IT,Bachelors,96,157959,High
1717,57,34,Marketing,Bachelors,39,157027,Medium
1718,22,2,Marketing,Masters,34,57986,Low
1719,29,5,Finance,Masters,37,69685,Low
1720,56,34,IT,Masters,34,183664,High
1721,36,16,Sales,Bachelors,83,103955,Medium
1722,43,23,Marketing,Masters,87,129205,High
1723,35,13,IT,Bachelors,67,108561,Low
1724,47,27,Marketing,Masters,50,139897,Low
1725,49,25,Sales,Bachelors,34,133706,Medium
1726,44,20,Marketing,Bachelors,87,120674,Medium
1727,35,13,Finance,Masters,57,104479,Medium
1728,45,24,Finance,PhD,19,136216,Medium
1729,23,0,Marketing,Bachelors,84,53500,Low
1730,47,26,IT,Masters,20,157747,Medium
1731,35,15,IT,Bachelors,94,117650,Medium
1732,28,5,IT,Bachelors,30,75190,Low
1733,24,2,Marketing,Bachelors,95,61434,Low
1734,44,22,IT,Bachelors,54,142671,High
1735,39,16,Sales,Bachelors,16,110489,Low
1736,59,35,Finance,Bachelors,90,175629,High
1737,56,33,Sales,Bachelors,73,169019,High
1738,36,16,IT,PhD,73,123164,Medium
1739,46,22,Sales,Bachelors,11,125317,Medium
1740,58,36,IT,Masters,85,195388,High
1741,49,26,Marketing,Bachelors,51,136609,Medium
1742,31,10,Sales,Masters,91,89364,Medium
1743,38,17,Marketing,Bachelors,63,101337,Medium
1744,43,23,Marketing,Bachelors,84,119925,Medium
1745,47,26,HR,Bachelors,25,130299,Medium
1746,46,23,IT,Bachelors,27,140583,High
1747,38,15,Finance,Bachelors,68,112067,Medium
1748,34,13,IT,Masters,99,102847,Medium
1749,41,18,Finance,Masters,25,115652,Medium
1750,46,26,IT,Masters,15,148953,Medium
1751,25,1,Marketing,Masters,66,54085,Low
1752,31,11,Sales,Bachelors,56,94453,Low
1753,24,4,Sales,Bachelors,57,65301,Low
1754,39,16,HR,Bachelors,51,98583,Medium
1755,57,33,Finance,Bachelors,85,171231,High
1756,43,20,Finance,Bachelors,69,127325,Medium
1757,55,33,Finance,Bachelors,86,172501,High
1758,29,6,Marketing,Bachelors,13,70945,Low
1759,40,17,Finance,Bachelors,11,121061,Low
1760,58,35,Sales,Masters,99,168015,High
1761,27,3,Marketing,Masters,68,59871,Low
1762,47,24,IT,Bachelors,36,147907,High
1763,55,31,Finance,PhD,36,158962,High
1764,27,6,Finance,PhD,88,82066,Medium
1765,58,36,IT,Bachelors,81,183952,High
1766,54,30,Finance,Bachelors,16,160176,Medium
1767,43,22,IT,Bachelors,72,143540,Medium
1768,42,18,Marketing,PhD,55,111091,Low
1769,27,3,Sales,Masters,72,60409,Low
1770,27,5,IT,Bachelors,21,72597,Low
1771,25,5,HR,Bachelors,22,62809,Low
1772,51,31,IT,Bachelors,52,171553,High
1773,32,8,Finance,Bachelors,26,89719,Low
1774,51,28,Marketing,Bachelors,72,139417,High
1775,52,31,Marketing,Masters,90,147123,High
1776,45,22,IT,Masters,45,140869,Medium
1777,30,7,Sales,Masters,94,72759,Medium
1778,24,0,HR,Masters,17,52942,Low
1779,52,28,Marketing,Masters,78,140243,High
1780,58,34,Finance,Bachelors,99,169270,High
1781,57,33,Finance,Masters,89,171565,High
1782,45,25,Sales,Bachelors,45,139300,Medium
1783,52,28,Marketing,Masters,37,144105,Medium
1784,27,7,IT,Bachelors,56,82092,Medium
1785,23,3,Finance,Masters,85,64192,Low
1786,41,17,Sales,Bachelors,39,108860,Medium
1787,49,27,Marketing,Bachelors,32,134947,Medium
1788,32,11,Marketing,Bachelors,25,84596,Low
1789,25,2,Marketing,Bachelors,23,59726,Low
1790,36,16,Marketing,Masters,83,99610,High
1791,27,6,Marketing,Masters,80,73988,Low
1792,51,29,Finance,Bachelors,61,160542,High
1793,59,36,Sales,Bachelors,46,171818,High
1794,23,0,Marketing,Bachelors,38,53658,Low
1795,36,16,HR,Bachelors,76,93240,Medium
1796,32,8,HR,Bachelors,24,72440,Low
1797,29,7,Sales,Masters,56,77694,Low
1798,47,27,IT,Bachelors,55,162718,High
1799,26,4,IT,Bachelors,61,78328,Low
1800,27,3,IT,Bachelors,28,70892,Low
1801,47,23,HR,Bachelors,86,117768,High
1802,25,5,IT,Bachelors,30,82970,Low
1803,40,16,Finance,Masters,73,116144,Low
1804,41,20,Marketing,Bachelors,46,119492,High
1805,54,31,HR,Bachelors,36,144429,High
1806,41,21,Sales,Bachelors,64,122765,Medium
1807,33,11,Sales,Bachelors,38,88190,Low
1808,22,1,Marketing,Bachelors,29,60599,Medium
1809,47,27,HR,PhD,34,132568,High
1810,35,11,IT,Masters,79,96721,Low
1811,59,35,IT,Bachelors,72,183188,High
1812,58,34,Finance,Bachelors,45,176042,High
1813,32,8,Finance,Bachelors,11,87773,Low
1814,57,35,IT,Bachelors,31,182590,High
1815,34,13,Sales,Masters,25,96613,Low
1816,24,1,Sales,Masters,27,61944,Low
1817,54,32,Finance,Bachelors,78,167173,High
1818,27,5,Marketing,Bachelors,63,64382,Low
1819,31,8,IT,Bachelors,39,88191,Low
1820,26,3,Finance,Masters,54,63514,Low
1821,44,20,Finance,Masters,28,122052,Medium
1822,31,9,IT,Bachelors,96,95528,Medium
1823,23,3,IT,Bachelors,43,66361,Low
1824,34,11,Sales,Masters,22,87901,Low
1825,23,0,Marketing,Bachelors,52,55736,Low
1826,41,20,Marketing,Bachelors,71,118762,Medium
1827,22,2,IT,Bachelors,31,72836,Low
1828,58,38,HR,Masters,61,166970,High
1829,30,7,Finance,Bachelors,61,78103,Low
1830,38,14,Finance,Bachelors,45,108095,Low
1831,30,9,IT,Masters,82,89708,Medium
1832,32,12,HR,Bachelors,28,87464,Low
1833,36,13,Sales,Bachelors,47,92595,High
1834,45,25,IT,Bachelors,79,154905,High
1835,59,38,IT,Bachelors,88,198434,High
1836,56,35,Finance,Masters,66,183704,High
1837,51,29,IT,Bachelors,29,168819,Medium
1838,52,29,IT,Bachelors,18,158472,Medium
1839,26,5,IT,Bachelors,41,83122,Low
1840,35,13,Finance,Masters,13,104283,Low
1841,32,10,Sales,Masters,59,85684,Low
1842,30,10,Sales,Bachelors,91,83143,Medium
1843,55,35,IT,Bachelors,14,186987,Medium
1844,33,11,Finance,Masters,29,90314,Low
1845,56,36,Sales,Bachelors,96,172108,High
1846,56,35,Sales,Masters,84,169412,High
1847,22,0,Sales,Masters,46,53237,Low
1848,43,22,Finance,Masters,31,130128,Medium
1849,50,28,Finance,Bachelors,67,155210,Medium
1850,29,7,IT,Bachelors,77,87994,Low
1851,32,11,Marketing,Masters,53,89204,Low
1852,58,38,Sales,Bachelors,43,185015,High
1853,35,15,Marketing,Bachelors,86,100091,High
1854,51,29,Finance,Masters,51,161595,High
1855,56,33,Finance,Masters,18,171008,Medium
1856,42,22,Finance,Bachelors,16,130761,Medium
1857,58,37,Marketing,Bachelors,77,163801,High
1858,26,6,Finance,Bachelors,28,83058,Low
1859,40,19,IT,Masters,40,132379,Low
1860,35,13,Finance,PhD,44,97869,Low
1861,47,27,HR,Bachelors,66,127861,High
1862,25,4,Marketing,Bachelors,94,65382,Medium
1863,46,24,HR,Masters,70,123943,Medium
1864,46,23,Finance,Bachelors,40,140668,High
1865,39,18,IT,Bachelors,92,119324,Medium
1866,29,6,Sales,PhD,62,74630,Medium
1867,35,12,Finance,Bachelors,41,96748,Low
1868,53,29,IT,Masters,75,169695,High
1869,59,39,Marketing,Bachelors,68,178585,High
1870,54,33,HR,Bachelors,19,144901,High
1871,44,21,HR,Masters,11,113398,Medium
1872,36,12,HR,Bachelors,75,87678,Medium
1873,54,32,Marketing,PhD,69,153855,High
1874,46,25,IT,Bachelors,97,151924,High
1875,38,15,Marketing,Bachelors,26,98613,High
1876,54,34,HR,Bachelors,25,148067,High
1877,23,0,Finance,Bachelors,25,51779,Low
1878,35,12,Sales,Bachelors,55,96730,Low
1879,27,7,Marketing,Bachelors,48,76927,Low
1880,27,4,Marketing,Bachelors,40,67323,Low
1881,24,3,IT,Bachelors,97,65456,Medium
1882,28,7,IT,Masters,10,89709,Low
1883,29,8,Marketing,Masters,20,81789,Low
1884,36,12,HR,Masters,94,86338,High
1885,50,29,Sales,Bachelors,13,148654,Medium
1886,54,34,IT,Bachelors,80,185995,High
1887,51,28,HR,Masters,35,130590,Medium
1888,48,26,Finance,Bachelors,59,150392,High
1889,57,37,IT,Bachelors,21,193131,Medium
1890,50,30,HR,Masters,90,143997,High
1891,59,38,HR,Masters,84,166798,High
1892,54,30,Sales,Bachelors,74,152670,High
1893,58,35,Sales,Bachelors,56,166492,High
1894,48,24,Finance,Masters,62,143855,High
1895,54,31,HR,Bachelors,80,141225,High
1896,25,2,HR,Masters,11,53460,Low
1897,43,19,Sales,Masters,33,121810,Low
1898,23,3,IT,Masters,13,68073,Low
1899,31,8,IT,Bachelors,28,90871,Low
1900,26,2,Marketing,Bachelors,35,61405,Low
1901,31,8,Sales,Masters,84,82973,Medium
1902,54,32,Marketing,Masters,49,151319,High
1903,59,39,Sales,Masters,59,178877,High
1904,34,13,Finance,Bachelors,52,100790,Low
1905,52,29,HR,Bachelors,84,138413,High
1906,57,35,Finance,Masters,76,173883,High
1907,45,24,Sales,Masters,21,139646,Medium
1908,36,15,HR,PhD,76,92565,High
1909,50,27,IT,Masters,36,155008,Medium
1910,29,5,IT,Bachelors,63,75697,Low
1911,26,3,Marketing,Masters,75,59461,Low
1912,50,28,Sales,Masters,58,145377,Medium
1913,25,4,Sales,Bachelors,25,67453,Low
1914,33,10,IT,Masters,11,100633,Low
1915,23,0,Finance,Bachelors,69,58959,Low
1916,48,25,HR,Bachelors,63,127099,Medium
1917,52,32,Finance,Masters,39,170632,Medium
1918,57,33,Finance,Bachelors,93,170289,High
1919,57,35,IT,Bachelors,47,186961,High
1920,47,26,IT,Bachelors,37,152581,High
1921,48,25,IT,Bachelors,34,154693,Medium
1922,26,2,Marketing,Bachelors,19,56280,Low
1923,41,21,Finance,Bachelors,69,131301,High
1924,32,8,Sales,PhD,51,76632,Medium
1925,31,11,HR,Bachelors,49,78283,Low
1926,59,37,Marketing,Bachelors,86,169932,High
1927,27,6,Sales,Bachelors,51,73221,Medium
1928,29,7,Finance,Masters,56,81181,Low
1929,44,21,IT,Bachelors,46,131358,Medium
1930,47,23,Finance,Masters,89,140669,High
1931,33,13,HR,Masters,31,88734,Low
1932,47,27,Marketing,Masters,66,138869,High
1933,34,10,Marketing,Bachelors,93,86484,High
1934,39,15,HR,Masters,36,93672,Medium
1935,46,23,Sales,Bachelors,50,133520,Medium
1936,54,32,Sales,PhD,89,162345,High
1937,33,13,Marketing,Masters,43,89241,Low
1938,57,34,Marketing,Bachelors,41,161550,Medium
1939,25,3,IT,Bachelors,99,67345,Medium
1940,26,3,Sales,Bachelors,98,61845,Medium
1941,58,38,HR,Masters,75,163522,High
1942,29,5,Sales,Bachelors,21,69506,Low
1943,49,25,IT,Bachelors,49,147884,Medium
1944,52,30,Marketing,Bachelors,82,146092,High
1945,30,9,Marketing,Masters,85,75960,Medium
1946,50,28,IT,Masters,99,160444,High
1947,35,14,HR,Masters,82,91823,Medium
1948,43,20,Marketing,Masters,19,115416,Medium
1949,32,9,Finance,Bachelors,57,86481,Low
1950,44,24,Marketing,Bachelors,29,128594,Medium
1951,22,1,Finance,Masters,48,56221,Low
1952,58,38,IT,Bachelors,69,202239,High
1953,42,18,IT,Bachelors,75,127352,Medium
1954,47,26,Marketing,Bachelors,74,133056,High
1955,57,35,Sales,Bachelors,60,168171,High
1956,44,20,Finance,Bachelors,45,125593,High
1957,22,0,HR,Masters,33,51961,Low
1958,36,14,Marketing,Bachelors,36,93885,Medium
1959,42,18,HR,Bachelors,11,108309,Low
1960,30,9,Marketing,Bachelors,40,78751,Medium
1961,30,10,Sales,Masters,66,84411,Medium
1962,31,7,Sales,Bachelors,87,74100,Medium
1963,47,26,Sales,Masters,75,138278,High
1964,56,33,Sales,Masters,38,159416,Medium
1965,46,25,IT,Bachelors,24,144181,Medium
1966,47,27,IT,PhD,21,161732,Low
1967,32,11,Finance,PhD,37,98950,Low
1968,59,37,HR,Masters,93,156912,High
1969,23,3,Marketing,Masters,33,59137,Low
1970,28,5,Marketing,Bachelors,30,63519,Low
1971,39,17,IT,Bachelors,19,117777,Low
1972,48,27,Marketing,Bachelors,87,132883,High
1973,55,35,IT,Bachelors,27,181862,High
1974,48,25,Finance,PhD,97,140438,High
1975,38,16,HR,Bachelors,23,96085,Medium
1976,45,22,Finance,Masters,43,131679,Medium
1977,46,25,Sales,Masters,67,132171,Medium
1978,28,5,Sales,Masters,85,75818,High
1979,27,3,Sales,PhD,31,67655,Low
1980,45,23,Finance,Bachelors,79,139336,Medium
1981,54,31,Marketing,Bachelors,45,150699,Medium
1982,50,29,HR,Bachelors,54,139543,High
1983,43,22,Sales,Bachelors,45,130960,Medium
1984,47,24,Sales,Bachelors,31,133819,Medium
1985,49,28,Sales,Bachelors,87,148775,High
1986,42,22,HR,Masters,89,118246,High
1987,28,8,Sales,Bachelors,70,76069,Low
1988,38,18,HR,Bachelors,65,106950,Medium
1989,41,17,Sales,Masters,98,106695,High
1990,41,18,Finance,Bachelors,42,119169,Medium
1991,43,19,Finance,Bachelors,54,120640,Low
1992,49,28,HR,Masters,45,138369,High
1993,28,4,Finance,Masters,29,65725,Low
1994,22,1,HR,Masters,27,55853,Low
1995,53,32,Finance,Bachelors,47,169603,High
1996,34,12,Finance,Masters,76,99588,Medium
1997,51,31,HR,Masters,32,139716,High
1998,44,23,Marketing,Bachelors,25,120525,Medium
1999,40,18,Finance,Masters,68,118873,Medium
2000,53,33,Sales,Masters,78,167305,High
